sm1011931,086-6718-7
sm1022203,151-6780-1
sm1097445,146-2107-0
sm1097445,146-2107-0
sm1097445,146-2107-0
sm1103780,069-1472-1
sm1138427,022-4858-1
sm1193843,137-0624-1
sm1198468,042-1875-2
sm1207445,031-1143-1
sm1210097,041-9683-0
sm1233986,122-6529-2
sm1278606,010-5082-6
sm1281204,030-4707-5
sm1318181,024-6618-0
sm1347456,054-3372-0
sm1348609,044-4831-6
sm1416269,043-9475-5
sm1462022,112-3744-9
sm1465138,127-0097-5
sm1527558,151-6780-1
sm1550860,014-6728-0
sm1563848,146-2107-0
sm1757932,010-9983-3
sm1796078,142-6126-0
sm1848517,068-2515-0
sm1848517,068-2515-0
sm1860373,066-5490-8
sm1927959,0D0-3220-9
sm1951248,101-9889-0
sm2029045,041-4940-8
sm2055854,057-3238-7
sm2056049,0E0-0460-8
sm2079983,0G7-1837-3
sm2109610,048-6661-4
sm2183574,110-1638-8
sm2199668,068-3262-8
sm2213510,125-0498-0
sm2245359,020-8918-1
sm2250420,037-3108-1
sm2285746,055-0200-4
sm2289192,072-6180-2
sm2321776,140-5098-6
sm2352095,138-4748-1
sm2402925,130-9186-7
sm2402925,130-9186-7
sm2402925,130-9186-7
sm2406770,154-1919-3
sm2522460,072-6121-7
sm2590046,0T2-8876-5
sm2675212,111-5727-5
sm2675487,015-0616-1
sm2700492,006-6326-3
sm2919967,088-2507-6
sm2931495,016-7112-0
sm2931952,065-6601-4
sm2981385,007-0008-8
sm3034136,117-5819-8
sm3077018,089-8413-1
sm3082198,0T0-0250-1
sm3146172,126-8656-5
sm3147840,086-0625-1
sm3161635,130-9706-7
sm3220265,021-7127-9
sm3428468,133-1213-8
sm3660771,048-3489-5
sm3667672,081-1886-8
sm3725027,020-7468-1
sm3736802,004-6723-5
sm3797713,0I1-0669-3
sm3798574,018-8041-1
sm3817051,144-4143-8
sm3836630,040-8797-6
sm3931230,011-8908-5
sm3956918,143-9167-8
sm3987488,076-3595-8
sm4076720,015-8776-5
sm4145412,020-7327-7
sm4237243,080-6095-9
sm4238102,068-4139-2
sm4243230,078-1946-3
sm4253646,0F0-2290-1
sm4253646,0F0-2290-1
sm4272721,015-8310-7
sm4279896,044-4968-1
sm4294054,0Y7-2480-6
sm4343938,031-0086-3
sm4359845,133-1215-4
sm4396393,028-0879-0
sm4399199,033-3447-3
sm4455370,023-3675-8
sm4582569,107-1819-2
sm4593960,088-2702-8
sm4682607,135-4707-1
sm4686764,116-7759-7
sm4696558,148-7792-9
sm4883621,094-0048-6
sm5049798,066-5394-4
sm5081266,101-7884-8
sm5131631,053-4458-1
sm5131708,004-4019-1
sm5214648,033-9133-7
sm5247386,104-5687-2
sm5327555,099-4205-0
sm5411479,082-2681-4
sm5462439,010-5082-6
sm5599805,002-0762-4
sm5661457,146-0874-0
sm5666013,153-3377-9
sm5666013,153-3377-9
sm5812747,152-0139-2
sm5880256,146-2107-0
sm973901,141-7532-1
sm982882,0X5-9666-9
nm3802183,029-5063-4
nm4109847,001-6172-1
nm6145416,078-5830-2
sm1636686,130-9591-9
sm1695842,0D1-4176-8
sm1810435,120-5318-0
sm1864186,035-9813-6
sm1909105,133-1215-4
sm1949280,146-2107-0
sm1970173,116-7758-9
sm2029948,139-2003-1
sm2072171,092-5634-2
sm2104101,025-7128-5
sm2121170,006-4275-4
sm2165819,126-7858-9
sm2240212,0V0-4420-1
sm2258556,0Y4-4243-6
sm2319627,146-2107-0
sm2345078,023-2335-4
sm2353557,017-3253-6
sm2372734,082-0874-3
sm2378656,0B1-0350-8
sm2382526,0V0-4420-1
sm2402925,130-9186-7
sm2468637,029-0544-2
sm2469271,115-0800-1
sm2471068,130-1939-2
sm2486253,037-2273-2
sm2493182,082-6762-6
sm2519703,125-5369-7
sm2552358,092-6762-0
sm2555339,0F4-9051-4
sm2563536,141-7532-1
sm2572444,0P6-9114-9
sm2580105,027-2026-4
sm2590046,0T2-8876-5
sm2610277,039-8800-7
sm2732438,080-7432-1
sm2765776,007-5906-6
sm2787108,003-1275-4
sm2789240,044-4968-1
sm2820669,002-4075-3
sm2822248,141-7652-1
sm2826103,068-2071-9
sm2828644,0D7-0459-2
sm2832981,007-0748-1
sm2892386,147-0763-2
sm2907469,034-3652-7
sm2919967,088-2507-6
sm2920006,142-1860-7
sm2972837,028-1807-8
sm2993043,054-4974-0
sm3017739,010-6775-3
sm3024075,122-6529-2
sm3056555,020-4720-9
sm3070932,156-0865-4
sm3119610,021-0793-7
sm3123353,056-8518-4
sm3131814,102-5289-4
sm3142622,023-8272-5
sm3146172,126-8656-5
sm3169128,0O6-2724-2
sm3209834,008-4925-1
sm3231086,127-0101-7
sm3255757,038-9243-3
sm3292429,056-1867-3
sm3348708,135-2080-6
sm3374000,007-0249-8
sm3408013,068-5440-1
sm3516767,0B0-5392-6
sm3604232,002-3049-9
sm3661966,078-3983-9
sm3667672,081-1886-8
sm3681332,094-0099-1
sm3690333,088-9253-9
sm3705536,011-5438-9
sm3807042,115-0770-5
sm3814210,0O4-7754-2
sm3823853,0D4-6380-3
sm3857361,148-9160-3
sm3953018,146-0874-0
sm3956852,129-7312-2
sm3962615,129-7312-2
sm3996235,127-0097-5
sm4036212,059-9955-3
sm4040475,098-4333-7
sm4048178,057-4259-5
sm4092442,129-7312-2
sm4114301,150-6116-7
sm4125613,150-6116-7
sm4154863,060-0587-0
sm4174773,0O0-1183-7
sm4237243,080-6095-9
sm4252414,088-2384-7
sm4257390,028-8416-0
sm4272721,015-8310-7
sm4279896,044-4968-1
sm4306301,032-5124-1
sm4339068,083-5937-7
sm4343938,031-0086-3
sm4399199,033-3447-3
sm4424336,146-0874-0
sm4455370,023-3675-8
sm4464499,083-4735-2
sm4473650,094-4356-8
sm4492079,0O1-1974-3
sm4577409,150-2249-8
sm4611243,153-2319-6
sm4631535,117-7395-2
sm4633037,086-7745-0
sm4636865,007-6557-1
sm4695512,0A1-9967-6
sm4701879,115-4075-3
sm4704329,130-9714-8
sm4715347,046-0431-8
sm4842322,034-3652-7
sm4851559,046-7207-1
sm4866225,132-2482-4
sm4870756,078-5537-1
sm4885842,0A0-5141-5
sm5017614,092-7270-4
sm5048422,152-2124-5
sm5059624,051-3447-1
sm5061545,106-1657-8
sm5233409,0M0-0519-8
sm5286107,140-5098-6
sm5289140,052-9423-1
sm5325269,120-9141-3
sm5327915,053-5950-3
sm5351321,092-6762-0
sm5367859,139-2003-1 0L0-9672-6
sm5379235,092-6762-0
sm5409070,036-5517-2
sm5411479,082-2681-4
sm5435212,0K7-8147-6
sm5451711,109-1950-3
sm5490470,092-6762-0
sm5566723,081-1722-5
sm5587225,154-1919-3
sm5636825,0O7-0942-7
sm5640300,028-5352-3
sm5666013,153-3377-9
sm5667721,075-1128-1
sm5678818,130-6468-1
sm5687040,0P0-0237-8
sm5718777,153-5004-5
sm5723608,112-7473-5
sm5764818,041-5547-5
sm5781427,150-6116-7
sm5916456,0D7-0459-2
sm5972306,140-4629-6
sm6019142,122-2158-9
sm6060541,036-5517-2
sm6139789,003-5869-0
sm6140753,068-3114-1
sm6141483,027-1135-4
sm6141858,053-5950-3
sm6142233,500-1278-9
sm6142355,070-8661-0
sm6142355,070-8661-0
sm6143288,127-0097-5
sm6144045,110-4502-7
sm6144826,066-7616-2
sm6146656,041-3613-6
sm6147040,101-5029-3
sm6148598,066-1665-8
sm6149056,140-4629-6
sm6149349,0B0-5392-6
sm6150654,086-1459-8
sm6152106,500-1278-9
sm6152349,029-3711-5
sm6175281,018-4144-1
sm6177027,080-3064-2
sm6177878,0O0-0237-4
sm6187125,130-9591-9
sm6228125,144-0876-7
sm6296532,056-3906-9
sm1120232,152-0268-2
sm1657814,152-0278-0
sm1777705,152-0277-1
sm1952223,152-0276-3
sm1327130,152-0270-4
sm1723424,152-0272-1
sm4141643,152-0279-8
sm3055567,152-0271-2
sm4080690,152-0267-4
sm1136355,152-0266-6
sm1933024,148-6165-8
sm2406770,154-1919-3
sm2041740,152-7009-2
sm1979262,152-7011-4
sm2651288,152-6978-7
sm3518066,152-6966-3
sm2312850,152-6992-2
sm1879724,152-7010-6
sm1639267,155-1484-6
sm1619091,155-1435-8
sm1986536,155-1435-8
sm3610516,155-1487-1
sm3032094,155-1487-1
sm821619,061-3652-4
sm896746,093-5305-4
sm957076,032-9614-8
sm1055533,032-9614-8
sm1100106,0T4-8997-3
sm1177427,011-7659-5
sm1193843,137-0624-1
sm1195004,137-0624-1
sm1197451,137-0624-1
sm1228346,037-9483-1
sm1237707,037-9492-0
sm1239266,037-9492-0
sm1926754,037-9492-0
sm1405703,119-5566-0
sm1433506,119-5568-6
sm1473853,091-7779-5
sm1567643,090-8142-9
sm1568919,090-8142-9
sm1568968,090-8142-9
sm1582811,050-6469-4
sm1585961,031-0105-3
sm1826329,100-4078-1
sm1861629,047-7038-2
sm2084220,045-4897-3
sm2108422,042-4387-1
sm2393855,049-3655-8
sm2562930,070-8714-4
sm2885748,052-5031-5
sm4372091,039-6755-7
sm4418840,106-6417-3
sm4640039,106-6417-3
sm4586073,021-1336-8
sm4656795,021-1336-8
sm5839256,055-6181-7
